SEQUENCE - D-type amino acid substitution,mean_true,mean_pred
fkklkklfsklwnwk,3.6666666666666665,3.777857142857143
ikwpvkwfkm,7.0,3.6856
ikwpvkwfkml,4.315789473684211,4.092631578947369
kikwpvkwfk,6.615384615384615,3.5571153846153845
kikwpvkwfkm,5.583333333333333,3.8083333333333336
kikwpvkwfkml,3.3333333333333335,3.891666666666667
kwkikrvskwftml,4.023255813953488,3.801860465116279
kwkikw,6.25,4.733333333333333
kwkikwphkwftml,3.7674418604651163,3.74093023255814
kwkikwpshwfrml,3.5833333333333335,4.2250000000000005
kwkikwpskwftfl,3.2093023255813953,3.8177906976744183
kwkikwpvkw,4.767441860465116,3.777209302325582
kwkikwpvkwf,4.384615384615385,3.712948717948718
kwkikwpvkwfk,4.1395348837209305,3.7576744186046516
kwkikwpvkwfkm,4.333333333333333,3.94
kwkikwpvkwfkml,2.076923076923077,3.675448717948718
kwkikwpvrwfrkl,3.697674418604651,3.426279069767442
kwmikwfydwftml,7.461538461538462,4.993846153846154
kwmikwpsnwftml,5.846153846153846,4.8476923076923075
kwmikwpwqwftml,6.153846153846154,4.713846153846154
kwpvkwfkml,5.511627906976744,4.175348837209302
wkikwpvkwf,4.666666666666667,3.9928571428571424
wkikwpvkwfk,4.666666666666667,3.671666666666667
wkikwpvkwfkm,4.25,3.7733333333333334
wkikwpvkwfkml,3.1904761904761907,3.9214285714285713
