SEQUENCE - D-type amino acid substitution,mean_true,mean_pred
fkklkklfsklwnwk,3.6666666666666665,2.0
ikwpvkwfkm,7.0,2.0
ikwpvkwfkml,4.315789473684211,2.0
kikwpvkwfk,6.615384615384615,2.0
kikwpvkwfkm,5.583333333333333,2.0
kikwpvkwfkml,3.3333333333333335,2.0
kwkikrvskwftml,4.023255813953488,2.0
kwkikw,6.25,2.0
kwkikwphkwftml,3.7674418604651163,2.0
kwkikwpshwfrml,3.5833333333333335,2.0
kwkikwpskwftfl,3.2093023255813953,2.0
kwkikwpvkw,4.767441860465116,2.0
kwkikwpvkwf,4.384615384615385,2.0
kwkikwpvkwfk,4.1395348837209305,2.0
kwkikwpvkwfkm,4.333333333333333,2.0
kwkikwpvkwfkml,2.076923076923077,2.0
kwkikwpvrwfrkl,3.697674418604651,2.0
kwmikwfydwftml,7.461538461538462,2.0
kwmikwpsnwftml,5.846153846153846,2.0
kwmikwpwqwftml,6.153846153846154,2.0
kwpvkwfkml,5.511627906976744,2.0
wkikwpvkwf,4.666666666666667,2.0
wkikwpvkwfk,4.666666666666667,2.0
wkikwpvkwfkm,4.25,2.0
wkikwpvkwfkml,3.1904761904761907,2.0
