SEQUENCE - D-type amino acid substitution,mean_true,mean_pred
fkklkklfsklwnwk,3.6666666666666665,2.405238095238095
ikwpvkwfkm,7.0,3.2368
ikwpvkwfkml,4.315789473684211,3.546315789473684
kikwpvkwfk,6.615384615384615,2.927692307692308
kikwpvkwfkm,5.583333333333333,3.143333333333333
kikwpvkwfkml,3.3333333333333335,3.1300000000000003
kwkikrvskwftml,4.023255813953488,2.8693023255813954
kwkikw,6.25,4.786666666666666
kwkikwphkwftml,3.7674418604651163,2.8293023255813954
kwkikwpshwfrml,3.5833333333333335,3.5933333333333333
kwkikwpskwftfl,3.2093023255813953,2.9069767441860463
kwkikwpvkw,4.767441860465116,2.8400000000000003
kwkikwpvkwf,4.384615384615385,3.3405128205128207
kwkikwpvkwfk,4.1395348837209305,2.4546511627906975
kwkikwpvkwfkm,4.333333333333333,2.8575
kwkikwpvkwfkml,2.076923076923077,2.5676923076923077
kwkikwpvrwfrkl,3.697674418604651,2.486046511627907
kwmikwfydwftml,7.461538461538462,3.5307692307692307
kwmikwpsnwftml,5.846153846153846,4.013846153846154
kwmikwpwqwftml,6.153846153846154,3.012307692307693
kwpvkwfkml,5.511627906976744,3.094418604651163
wkikwpvkwf,4.666666666666667,2.5157142857142856
wkikwpvkwfk,4.666666666666667,3.106666666666667
wkikwpvkwfkm,4.25,2.936666666666667
wkikwpvkwfkml,3.1904761904761907,2.4476190476190474
