SEQUENCE - D-type amino acid substitution,mean_true,mean_pred
fkklkklfsklwnwk,3.6666666666666665,3.0952380952380953
ikwpvkwfkm,7.0,3.08
ikwpvkwfkml,4.315789473684211,3.263157894736842
kikwpvkwfk,6.615384615384615,3.1538461538461537
kikwpvkwfkm,5.583333333333333,3.4166666666666665
kikwpvkwfkml,3.3333333333333335,3.4166666666666665
kwkikrvskwftml,4.023255813953488,3.116279069767442
kwkikw,6.25,3.4166666666666665
kwkikwphkwftml,3.7674418604651163,3.116279069767442
kwkikwpshwfrml,3.5833333333333335,3.4166666666666665
kwkikwpskwftfl,3.2093023255813953,3.116279069767442
kwkikwpvkw,4.767441860465116,3.116279069767442
kwkikwpvkwf,4.384615384615385,3.1794871794871793
kwkikwpvkwfk,4.1395348837209305,3.116279069767442
kwkikwpvkwfkm,4.333333333333333,3.4166666666666665
kwkikwpvkwfkml,2.076923076923077,3.0
kwkikwpvrwfrkl,3.697674418604651,3.116279069767442
kwmikwfydwftml,7.461538461538462,2.8461538461538463
kwmikwpsnwftml,5.846153846153846,2.8461538461538463
kwmikwpwqwftml,6.153846153846154,2.8461538461538463
kwpvkwfkml,5.511627906976744,3.116279069767442
wkikwpvkwf,4.666666666666667,3.142857142857143
wkikwpvkwfk,4.666666666666667,3.4166666666666665
wkikwpvkwfkm,4.25,3.4166666666666665
wkikwpvkwfkml,3.1904761904761907,3.119047619047619
