SEQUENCE - D-type amino acid substitution,mean_true,mean_pred
fkklkklfsklwnwk,3.6666666666666665,2.900952380952381
ikwpvkwfkm,7.0,3.3152
ikwpvkwfkml,4.315789473684211,2.6710526315789473
kikwpvkwfk,6.615384615384615,2.6138461538461537
kikwpvkwfkm,5.583333333333333,2.4433333333333334
kikwpvkwfkml,3.3333333333333335,2.9966666666666666
kwkikrvskwftml,4.023255813953488,3.0782558139534886
kwkikw,6.25,3.4433333333333334
kwkikwphkwftml,3.7674418604651163,2.9906976744186045
kwkikwpshwfrml,3.5833333333333335,2.22
kwkikwpskwftfl,3.2093023255813953,2.7909302325581398
kwkikwpvkw,4.767441860465116,2.7453488372093022
kwkikwpvkwf,4.384615384615385,3.8761538461538456
kwkikwpvkwfk,4.1395348837209305,3.0455813953488375
kwkikwpvkwfkm,4.333333333333333,3.0233333333333334
kwkikwpvkwfkml,2.076923076923077,2.85974358974359
kwkikwpvrwfrkl,3.697674418604651,2.469302325581395
kwmikwfydwftml,7.461538461538462,2.991153846153846
kwmikwpsnwftml,5.846153846153846,2.9476923076923076
kwmikwpwqwftml,6.153846153846154,2.6926923076923077
kwpvkwfkml,5.511627906976744,3.355813953488372
wkikwpvkwf,4.666666666666667,3.3954761904761903
wkikwpvkwfk,4.666666666666667,3.77
wkikwpvkwfkm,4.25,3.3333333333333335
wkikwpvkwfkml,3.1904761904761907,2.9666666666666663
