SEQUENCE - D-type amino acid substitution,mean_true,mean_pred
fkklkklfsklwnwk,3.6666666666666665,3.7214285714285715
ikwpvkwfkm,7.0,4.0876
ikwpvkwfkml,4.315789473684211,4.3031578947368425
kikwpvkwfk,6.615384615384615,3.4784615384615383
kikwpvkwfkm,5.583333333333333,3.8833333333333333
kikwpvkwfkml,3.3333333333333335,4.0616666666666665
kwkikrvskwftml,4.023255813953488,3.7625581395348835
kwkikw,6.25,4.286666666666666
kwkikwphkwftml,3.661764705882353,3.8436029411764707
kwkikwpshwfrml,3.5833333333333335,2.6983333333333337
kwkikwpskwftfl,3.2093023255813953,3.617674418604651
kwkikwpvkw,4.767441860465116,2.9902325581395353
kwkikwpvkwf,4.384615384615385,3.7246153846153844
kwkikwpvkwfk,4.1395348837209305,3.798604651162791
kwkikwpvkwfkm,4.333333333333333,3.0316666666666667
kwkikwpvkwfkml,2.076923076923077,3.782307692307692
kwkikwpvrwfrkl,3.697674418604651,3.334418604651163
kwmikwfydwftml,7.461538461538462,4.07
kwmikwpsnwftml,5.846153846153846,3.3084615384615383
kwmikwpwqwftml,6.153846153846154,3.9738461538461536
kwpvkwfkml,5.511627906976744,3.522325581395349
wkikwpvkwf,4.666666666666667,3.7547619047619043
wkikwpvkwfk,4.666666666666667,3.3520833333333333
wkikwpvkwfkm,4.25,3.606666666666667
wkikwpvkwfkml,3.1904761904761907,3.738095238095238
