SEQUENCE - D-type amino acid substitution,mean_true,mean_pred
fkklkklfsklwnwk,3.6666666666666665,3.536904761904762
ikwpvkwfkm,7.0,3.5263999999999998
ikwpvkwfkml,4.315789473684211,3.5626315789473684
kikwpvkwfk,6.615384615384615,3.5330769230769232
kikwpvkwfkm,5.583333333333333,3.5749999999999997
kikwpvkwfkml,3.3333333333333335,3.5749999999999997
kwkikrvskwftml,4.023255813953488,3.54046511627907
kwkikw,6.25,3.5749999999999997
kwkikwphkwftml,3.7674418604651163,3.54046511627907
kwkikwpshwfrml,3.5833333333333335,3.5749999999999997
kwkikwpskwftfl,3.2093023255813953,3.54046511627907
kwkikwpvkw,4.767441860465116,3.54046511627907
kwkikwpvkwf,4.384615384615385,3.5469230769230773
kwkikwpvkwfk,4.1395348837209305,3.54046511627907
kwkikwpvkwfkm,4.333333333333333,3.5749999999999997
kwkikwpvkwfkml,2.076923076923077,3.54948717948718
kwkikwpvrwfrkl,3.697674418604651,3.54046511627907
kwmikwfydwftml,7.461538461538462,3.522692307692308
kwmikwpsnwftml,5.846153846153846,3.522692307692308
kwmikwpwqwftml,6.153846153846154,3.522692307692308
kwpvkwfkml,5.511627906976744,3.54046511627907
wkikwpvkwf,4.666666666666667,3.5423809523809524
wkikwpvkwfk,4.666666666666667,3.5749999999999997
wkikwpvkwfkm,4.25,3.5749999999999997
wkikwpvkwfkml,3.1904761904761907,3.5395238095238093
