SEQUENCE - D-type amino acid substitution,mean_true,mean_pred
fkklkklfsklwnwk,3.6666666666666665,3.880952380952381
ikwpvkwfkm,7.0,4.92
ikwpvkwfkml,4.315789473684211,4.947368421052632
kikwpvkwfk,6.615384615384615,3.8461538461538463
kikwpvkwfkm,5.583333333333333,3.75
kikwpvkwfkml,3.3333333333333335,4.083333333333333
kwkikrvskwftml,4.023255813953488,3.744186046511628
kwkikw,6.25,5.166666666666667
kwkikwphkwftml,3.7674418604651163,3.627906976744186
kwkikwpshwfrml,3.5833333333333335,3.3333333333333335
kwkikwpskwftfl,3.2093023255813953,3.9069767441860463
kwkikwpvkw,4.767441860465116,3.953488372093023
kwkikwpvkwf,4.384615384615385,3.58974358974359
kwkikwpvkwfk,4.1395348837209305,3.627906976744186
kwkikwpvkwfkm,4.333333333333333,3.3333333333333335
kwkikwpvkwfkml,2.076923076923077,3.641025641025641
kwkikwpvrwfrkl,3.697674418604651,3.1627906976744184
kwmikwfydwftml,7.461538461538462,5.615384615384615
kwmikwpsnwftml,5.846153846153846,5.076923076923077
kwmikwpwqwftml,6.153846153846154,4.730769230769231
kwpvkwfkml,5.511627906976744,4.744186046511628
wkikwpvkwf,4.666666666666667,4.428571428571429
wkikwpvkwfk,4.666666666666667,3.8333333333333335
wkikwpvkwfkm,4.25,3.5
wkikwpvkwfkml,3.1904761904761907,3.5238095238095237
