SEQUENCE - D-type amino acid substitution,mean_true,mean_pred
fkklkklfsklwnwk,3.6666666666666665,2.6754761904761906
ikwpvkwfkm,7.0,3.6064
ikwpvkwfkml,4.315789473684211,3.6315789473684212
kikwpvkwfk,6.615384615384615,3.4676923076923076
kikwpvkwfkm,5.583333333333333,3.47875
kikwpvkwfkml,3.3333333333333335,3.9916666666666667
kwkikrvskwftml,4.023255813953488,2.9565116279069765
kwkikw,6.25,4.548333333333333
kwkikwphkwftml,3.7674418604651163,3.127441860465116
kwkikwpshwfrml,3.5833333333333335,3.045
kwkikwpskwftfl,3.2093023255813953,3.5670930232558136
kwkikwpvkw,4.767441860465116,3.2465116279069766
kwkikwpvkwf,4.384615384615385,3.1037179487179487
kwkikwpvkwfk,4.1395348837209305,2.8381395348837213
kwkikwpvkwfkm,4.333333333333333,2.5966666666666667
kwkikwpvkwfkml,2.076923076923077,2.9812820512820513
kwkikwpvrwfrkl,3.697674418604651,2.1060465116279072
kwmikwfydwftml,7.461538461538462,4.838846153846154
kwmikwpsnwftml,5.846153846153846,4.336346153846154
kwmikwpwqwftml,6.153846153846154,3.8996153846153847
kwpvkwfkml,5.511627906976744,4.289302325581395
wkikwpvkwf,4.666666666666667,3.551428571428571
wkikwpvkwfk,4.666666666666667,3.0966666666666662
wkikwpvkwfkm,4.25,2.9783333333333335
wkikwpvkwfkml,3.1904761904761907,3.305
