SEQUENCE - D-type amino acid substitution,mean_true,mean_pred
fkklkklfsklwnwk,3.6666666666666665,2.550952380952381
ikwpvkwfkm,7.0,3.6624
ikwpvkwfkml,4.315789473684211,3.7136842105263157
kikwpvkwfk,6.615384615384615,3.319230769230769
kikwpvkwfkm,5.583333333333333,3.141666666666667
kikwpvkwfkml,3.3333333333333335,3.483333333333333
kwkikrvskwftml,4.023255813953488,2.838372093023256
kwkikw,6.25,5.045
kwkikwphkwftml,3.7674418604651163,2.8874418604651164
kwkikwpshwfrml,3.5833333333333335,2.72
kwkikwpskwftfl,3.2093023255813953,3.1883720930232555
kwkikwpvkw,4.767441860465116,3.161860465116279
kwkikwpvkwf,4.384615384615385,2.8348717948717947
kwkikwpvkwfk,4.1395348837209305,2.774883720930233
kwkikwpvkwfkm,4.333333333333333,2.6983333333333337
kwkikwpvkwfkml,2.076923076923077,2.6675641025641026
kwkikwpvrwfrkl,3.697674418604651,2.452093023255814
kwmikwfydwftml,7.461538461538462,4.3476923076923075
kwmikwpsnwftml,5.846153846153846,3.7053846153846157
kwmikwpwqwftml,6.153846153846154,3.727692307692308
kwpvkwfkml,5.511627906976744,3.9618604651162794
wkikwpvkwf,4.666666666666667,3.0557142857142856
wkikwpvkwfk,4.666666666666667,2.5900000000000003
wkikwpvkwfkm,4.25,2.69
wkikwpvkwfkml,3.1904761904761907,2.8433333333333333
